edge,code,date,dir,net_905,net_915,net_930,net_1000,net_1130,net_close
РЉБжЈА(LONG),1333,2026-05-11,L,-1.761,-2.162,-1.641,-1.801,-3.243,-4.484
РЉБжЈА(LONG),141A0,2025-08-13,L,-0.511,-1.915,-4.0,-2.34,-2.128,-3.787
РЉБжЈА(LONG),1605,2026-02-12,L,0.821,0.164,-1.204,-1.778,-2.627,-4.979
РЉБжЈА(LONG),1786,2022-05-13,L,,,,,,-2.542
РЉБжЈА(LONG),1799,2026-05-13,L,-1.01,-1.01,-4.185,-4.185,-5.195,-4.762
РЉБжЈА(LONG),1869,2023-05-11,L,,,,,,
РЉБжЈА(LONG),1888,2024-05-14,L,,,,,,0.314
РЉБжЈА(LONG),1911,2026-02-13,L,-1.482,-0.872,-2.411,-3.138,-4.474,-4.038
РЉБжЈА(LONG),1925,2026-05-13,L,-2.237,-2.753,-2.474,-3.463,-3.033,-2.388
РЉБжЈА(LONG),1992,2025-05-12,L,0.0,0.0,0.0,,,0.0
РЉБжЈА(LONG),1992,2026-05-11,L,0.0,0.0,0.0,0.0,,0.0
РЉБжЈА(LONG),1999,2025-08-18,L,,,,,,
РЉБжЈА(LONG),2004,2025-05-12,L,-0.034,0.0,0.0,-0.676,-1.622,-1.926
РЉБжЈА(LONG),2004,2026-05-14,L,0.801,1.923,2.404,2.564,2.244,1.282
РЉБжЈА(LONG),2172,2024-08-09,L,,,,,,
РЉБжЈА(LONG),2208,2026-04-28,L,-1.212,-0.842,-1.01,-1.38,-2.121,-3.098
РЉБжЈА(LONG),2209,2023-05-11,L,,,,,,0.043
РЉБжЈА(LONG),2292,2024-05-27,L,-0.273,-0.375,-0.409,-0.921,-0.989,-1.637
РЉБжЈА(LONG),2374,2025-05-15,L,-1.997,-2.264,-2.796,-2.796,-3.595,-3.063
РЉБжЈА(LONG),2379,2025-04-14,L,2.683,1.317,1.902,2.829,2.634,0.0
РЉБжЈА(LONG),2389,2024-02-13,L,,,,,,-1.463
РЉБжЈА(LONG),2425,2026-05-14,L,-0.268,-1.342,-1.879,-1.745,-1.611,-1.611
РЉБжЈА(LONG),2445,2025-05-13,L,-1.366,-1.093,-2.459,-3.005,-3.552,-3.552
РЉБжЈА(LONG),2445,2025-06-23,L,0.0,-0.599,-0.599,-0.898,-1.198,-1.497
РЉБжЈА(LONG),2475,2024-05-14,L,,,,,,-8.409
РЉБжЈА(LONG),2475,2025-05-14,L,0.961,0.747,-0.053,1.121,0.267,-2.456
РЉБжЈА(LONG),2483,2025-05-13,L,2.45,0.501,0.835,1.169,0.947,0.612
РЉБжЈА(LONG),2491,2025-01-31,L,0.0,0.0,0.0,0.0,0.0,0.0
РЉБжЈА(LONG),2491,2025-02-19,L,0.731,0.974,2.192,1.705,2.071,2.071
РЉБжЈА(LONG),2497,2023-05-10,L,,,,,,-1.725
РЉБжЈА(LONG),2678,2025-07-04,L,-0.139,-1.389,-1.875,-2.986,-2.708,-3.056
РЉБжЈА(LONG),2705,2025-05-09,L,-0.565,-0.565,-0.188,-0.377,-0.753,-0.565
РЉБжЈА(LONG),2708,2026-05-15,L,2.054,0.054,-1.622,-2.541,-1.784,-1.838
РЉБжЈА(LONG),2733,2026-05-14,L,-1.63,-1.963,-1.852,-2.556,-2.889,-1.111
РЉБжЈА(LONG),2760,2025-04-28,L,1.513,0.84,0.538,0.504,1.513,-0.672
РЉБжЈА(LONG),2814,2022-05-13,L,,,,,,-0.139
РЉБжЈА(LONG),2814,2025-05-16,L,-0.785,0.041,0.0,-0.455,-1.199,-2.396
РЉБжЈА(LONG),2819,2025-05-14,L,-0.154,-0.731,-1.116,-1.116,-2.116,-3.309
РЉБжЈА(LONG),2930,2022-04-14,L,,,,,,3.646
РЉБжЈА(LONG),2993,2024-05-13,L,,,,,,0.368
РЉБжЈА(LONG),3055,2023-05-15,L,,,,,,
РЉБжЈА(LONG),3154,2023-08-14,L,,,,,,1.486
РЉБжЈА(LONG),3159,2026-03-13,L,-1.159,-0.58,-2.029,-1.159,-1.449,-1.739
РЉБжЈА(LONG),3191,2024-08-02,L,-0.098,0.488,2.393,2.979,3.76,-0.488
РЉБжЈА(LONG),3204,2026-02-13,L,-0.771,-0.963,-1.541,-1.734,-1.156,-1.541
РЉБжЈА(LONG),3236,2025-07-14,L,-0.513,-1.026,1.026,0.0,-2.051,-2.051
РЉБжЈА(LONG),3238,2024-05-10,L,,,,,,-0.568
РЉБжЈА(LONG),3280,2026-04-10,L,1.8,0.8,-0.5,-0.4,-0.8,-2.2
РЉБжЈА(LONG),3286,2025-08-08,L,0.0,0.0,0.0,0.0,-0.775,-1.661
РЉБжЈА(LONG),3302,2023-02-14,L,,,,,,0.576
РЉБжЈА(LONG),3440,2024-10-15,L,0.634,0.634,1.48,1.057,-0.106,-1.374
РЉБжЈА(LONG),3440,2025-10-15,L,2.105,2.105,3.053,3.263,3.368,3.789
РЉБжЈА(LONG),3441,2022-09-14,L,,,,,,-7.281
РЉБжЈА(LONG),3443,2026-05-12,L,-5.22,-7.593,-10.441,-10.78,-11.186,-13.627
РЉБжЈА(LONG),3537,2025-05-12,L,-0.121,-0.121,-0.121,-0.606,-0.606,-0.606
РЉБжЈА(LONG),3537,2026-05-14,L,-1.289,-0.552,-0.552,-0.614,-1.228,-0.552
РЉБжЈА(LONG),3553,2026-05-08,L,0.0,-0.668,-0.334,0.0,-0.78,-2.673
РЉБжЈА(LONG),3633,2026-02-10,L,-0.936,0.047,-0.234,0.562,-2.388,-1.966
РЉБжЈА(LONG),3635,2022-04-25,L,,,,,,-0.127
РЉБжЈА(LONG),3635,2024-04-30,L,,,,,,-3.281
РЉБжЈА(LONG),3826,2026-04-14,L,-4.286,-4.286,-6.122,-5.714,-4.694,-5.306
РЉБжЈА(LONG),3864,2025-05-14,L,-0.741,-0.741,-4.889,-1.63,-3.111,-1.778
РЉБжЈА(LONG),3918,2024-11-14,L,-0.417,-0.417,-1.25,-1.042,-1.771,-3.125
РЉБжЈА(LONG),3925,2025-05-13,L,1.803,3.477,3.284,3.026,3.992,3.863
РЉБжЈА(LONG),3943,2025-05-09,L,0.075,-3.153,-2.477,-3.153,-2.703,-5.03
РЉБжЈА(LONG),3945,2026-05-15,L,-0.273,-0.273,-0.273,-0.909,-1.364,-2.545
РЉБжЈА(LONG),3963,2025-05-14,L,0.0,0.0,0.0,0.0,0.0,0.0
РЉБжЈА(LONG),4044,2024-05-10,L,,,,,,0.0
РЉБжЈА(LONG),4120,2025-05-08,L,,,,,,0.0
РЉБжЈА(LONG),415A0,2026-02-12,L,0.4,-0.6,-0.1,-1.6,-1.4,-1.2
РЉБжЈА(LONG),4172,2022-11-11,L,,,,,,-4.107
РЉБжЈА(LONG),4197,2026-01-14,L,1.294,0.474,0.906,0.906,0.906,1.035
РЉБжЈА(LONG),4216,2025-05-15,L,-0.769,-1.154,-1.795,-2.308,-1.795,-1.282
РЉБжЈА(LONG),4272,2023-05-15,L,,,,,,1.898
РЉБжЈА(LONG),4320,2021-11-08,L,,,,,,-4.808
РЉБжЈА(LONG),4326,2023-08-07,L,,,,,,4.351
РЉБжЈА(LONG),4368,2024-05-10,L,,,,,,-0.889
РЉБжЈА(LONG),4526,2023-05-12,L,,,,,,1.22
РЉБжЈА(LONG),4526,2025-05-14,L,-1.833,-0.725,-1.222,-1.565,-1.527,-1.642
РЉБжЈА(LONG),4613,2026-05-11,L,-0.511,-1.319,-1.149,-3.213,-5.191,-5.191
РЉБжЈА(LONG),4665,2023-05-15,L,,,,,,0.601
РЉБжЈА(LONG),4707,2025-12-04,L,0.292,0.292,1.17,1.17,1.17,3.801
РЉБжЈА(LONG),4762,2026-04-30,L,-0.387,-0.581,-1.29,0.065,0.903,-0.129
РЉБжЈА(LONG),4771,2024-05-14,L,,,,,,-0.905
РЉБжЈА(LONG),4816,2026-05-13,L,-0.158,-0.158,2.218,3.129,2.614,2.97
РЉБжЈА(LONG),4820,2026-02-13,L,-1.108,-1.385,-0.97,-1.385,-2.078,-2.216
РЉБжЈА(LONG),4885,2025-07-14,L,-1.053,-1.053,-0.132,0.658,-2.368,-1.579
РЉБжЈА(LONG),4886,2026-05-11,L,0.205,-4.449,-6.229,-7.598,-9.206,-5.955
РЉБжЈА(LONG),4886,2026-05-19,L,-0.667,1.895,1.789,2.807,0.386,-0.281
РЉБжЈА(LONG),4966,2024-05-10,L,,,,,,-2.132
РЉБжЈА(LONG),4977,2026-05-14,L,3.328,6.905,7.155,5.824,4.409,2.662
РЉБжЈА(LONG),4996,2021-12-14,L,,,,,,2.632
РЉБжЈА(LONG),5021,2023-05-11,L,,,,,,-2.927
РЉБжЈА(LONG),5079,2023-06-14,L,,,,,,2.087
РЉБжЈА(LONG),5250,2026-01-14,L,-0.827,-1.075,-0.414,-0.744,-0.744,-0.744
РЉБжЈА(LONG),5271,2025-04-11,L,-2.367,-2.367,-2.367,-2.319,-2.319,-2.029
РЉБжЈА(LONG),5284,2022-05-11,L,,,,,,-1.664
РЉБжЈА(LONG),5484,2023-05-11,L,,,,,,-3.462
РЉБжЈА(LONG),5484,2025-05-14,L,0.0,0.0,-0.643,-0.643,-1.186,-1.285
РЉБжЈА(LONG),5715,2026-05-12,L,1.745,1.745,4.027,5.235,6.711,9.396
РЉБжЈА(LONG),5724,2025-11-14,L,6.066,4.317,3.169,3.005,7.541,9.29
РЉБжЈА(LONG),5891,2026-02-13,L,-0.124,-0.248,-0.932,-0.994,-1.304,-2.795
РЉБжЈА(LONG),5911,2025-05-14,L,-2.479,-3.013,-3.242,-3.509,-4.119,-3.89
РЉБжЈА(LONG),5921,2025-11-14,L,-1.031,-1.833,-1.031,-1.031,-1.489,-2.978
РЉБжЈА(LONG),5922,2024-05-14,L,,,,,,1.121
РЉБжЈА(LONG),5922,2025-05-14,L,-2.985,-3.731,-3.507,-3.657,-1.343,-0.821
РЉБжЈА(LONG),5922,2025-05-27,L,0.376,0.376,0.376,0.0,-3.609,-3.008
РЉБжЈА(LONG),5928,2022-05-12,L,,,,,,0.0
РЉБжЈА(LONG),5938,2023-04-28,L,,,,,,0.706
РЉБжЈА(LONG),5953,2026-05-13,L,,,,,,
РЉБжЈА(LONG),5976,2022-05-12,L,,,,,,2.261
РЉБжЈА(LONG),5981,2026-05-14,L,-0.703,-1.055,-2.227,-2.931,0.117,-0.059
РЉБжЈА(LONG),5983,2025-05-15,L,-0.796,0.318,0.0,0.0,,-2.07
РЉБжЈА(LONG),5993,2023-04-07,L,,,,,,
РЉБжЈА(LONG),6018,2023-05-15,L,,,,,,-4.153
РЉБжЈА(LONG),6158,2024-05-10,L,,,,,,-3.17
РЉБжЈА(LONG),6165,2023-05-12,L,,,,,,-3.426
РЉБжЈА(LONG),6210,2023-07-31,L,,,,,,1.879
РЉБжЈА(LONG),6245,2024-05-10,L,,,,,,-0.839
РЉБжЈА(LONG),6246,2026-05-13,L,0.832,0.416,-1.188,2.08,1.07,4.278
РЉБжЈА(LONG),6248,2026-05-11,L,-0.531,-0.584,-0.584,-0.212,-0.265,-0.584
РЉБжЈА(LONG),6249,2025-05-09,L,0.809,0.666,0.666,0.048,-0.952,-1.19
РЉБжЈА(LONG),6266,2026-02-13,L,4.158,4.158,5.829,6.987,5.144,4.158
РЉБжЈА(LONG),6266,2026-03-23,L,1.224,0.726,0.635,-0.363,-0.998,0.0
РЉБжЈА(LONG),6267,2022-09-02,L,,,,,,-2.696
РЉБжЈА(LONG),6267,2024-09-06,L,-1.845,-1.845,-1.845,-0.923,-0.923,-1.439
РЉБжЈА(LONG),6272,2025-05-14,L,-2.716,-0.494,-0.658,-0.905,-2.14,-3.045
РЉБжЈА(LONG),6291,2023-03-31,L,,,,,,-0.09
РЉБжЈА(LONG),6326,2025-02-13,L,0.776,0.562,1.364,0.589,0.0,0.669
РЉБжЈА(LONG),6333,2026-05-12,L,1.446,1.309,0.585,-1.067,-1.067,-2.72
РЉБжЈА(LONG),6334,2024-05-13,L,,,,,,1.397
РЉБжЈА(LONG),6360,2025-05-14,L,-0.641,-0.641,-0.801,-1.923,-3.045,-1.923
РЉБжЈА(LONG),6369,2025-05-14,L,-0.412,0.687,2.06,2.747,0.549,1.374
РЉБжЈА(LONG),6376,2024-02-22,L,,,,,,2.56
РЉБжЈА(LONG),6379,2022-05-13,L,,,,,,1.493
РЉБжЈА(LONG),6384,2023-05-11,L,,,,,,-0.716
РЉБжЈА(LONG),6419,2025-05-14,L,-0.238,-0.238,-0.204,1.222,-0.034,0.645
РЉБжЈА(LONG),6420,2023-05-10,L,,,,,,-2.407
РЉБжЈА(LONG),6420,2025-05-07,L,0.314,0.732,1.638,1.289,2.578,2.927
РЉБжЈА(LONG),6472,2024-05-14,L,,,,,,0.452
РЉБжЈА(LONG),6485,2022-05-13,L,,,,,,-2.93
РЉБжЈА(LONG),6492,2025-11-07,L,-4.534,-4.779,-4.779,-1.961,-0.98,-3.799
РЉБжЈА(LONG),6518,2023-05-10,L,,,,,,-0.093
РЉБжЈА(LONG),6568,2025-05-13,L,-0.865,-4.038,-4.808,-4.808,-3.846,-5.096
РЉБжЈА(LONG),6616,2023-05-12,L,,,,,,-3.483
РЉБжЈА(LONG),6626,2026-05-12,L,-1.286,-2.952,-3.524,-4.19,-4.048,-4.333
РЉБжЈА(LONG),6632,2026-05-01,L,-5.181,-4.706,-6.822,-7.988,-4.706,-6.865
РЉБжЈА(LONG),6637,2026-05-15,L,-0.987,-2.116,-7.616,-6.488,-4.513,-5.501
РЉБжЈА(LONG),6655,2025-05-12,L,,,,,,
РЉБжЈА(LONG),6676,2022-05-13,L,,,,,,0.303
РЉБжЈА(LONG),6678,2026-05-11,L,-1.357,-2.262,-2.398,-4.163,-4.208,-5.023
РЉБжЈА(LONG),6730,2022-05-10,L,,,,,,8.668
РЉБжЈА(LONG),6730,2025-05-09,L,-0.101,1.615,4.238,3.229,1.615,1.11
РЉБжЈА(LONG),6742,2026-05-15,L,3.394,1.958,2.219,2.35,1.175,-1.828
РЉБжЈА(LONG),6752,2025-05-09,L,1.058,1.029,-0.229,1.229,-3.859,-2.687
РЉБжЈА(LONG),6800,2023-05-12,L,,,,,,-0.389
РЉБжЈА(LONG),6824,2022-05-12,L,,,,,,-0.778
РЉБжЈА(LONG),6824,2023-05-15,L,,,,,,-5.094
РЉБжЈА(LONG),6835,2026-02-13,L,-1.667,-1.667,-0.333,-1.333,-0.667,-2.333
РЉБжЈА(LONG),6879,2022-05-13,L,,,,,,-0.622
РЉБжЈА(LONG),6894,2025-05-14,L,0.059,0.059,0.0,-0.118,-0.764,-1.586
РЉБжЈА(LONG),6958,2025-05-13,L,-0.275,-0.275,0.549,0.275,0.549,-1.099
РЉБжЈА(LONG),6965,2023-11-10,L,,,,,,-2.469
РЉБжЈА(LONG),6998,2022-05-20,L,,,,,,1.232
РЉБжЈА(LONG),7021,2025-05-12,L,-0.118,-0.118,-1.528,-0.823,-1.469,-2.879
РЉБжЈА(LONG),7079,2025-05-14,L,0.683,0.683,-1.024,0.307,-0.683,-0.273
РЉБжЈА(LONG),7128,2025-02-14,L,0.556,1.197,0.897,1.368,0.983,0.214
РЉБжЈА(LONG),7128,2025-02-21,L,0.809,0.944,0.629,0.854,0.584,1.348
РЉБжЈА(LONG),7129,2023-05-15,L,,,,,,0.198
РЉБжЈА(LONG),7213,2025-06-03,L,-0.225,0.0,-0.449,-0.449,-0.899,-1.124
РЉБжЈА(LONG),7217,2022-05-13,L,,,,,,-0.602
РЉБжЈА(LONG),7224,2022-05-09,L,,,,,,6.024
РЉБжЈА(LONG),7235,2025-05-13,L,-2.486,-3.051,-1.582,-3.503,-3.164,-2.938
РЉБжЈА(LONG),7236,2022-05-16,L,,,,,,12.581
РЉБжЈА(LONG),7244,2025-02-14,L,-1.504,-0.501,-0.752,0.501,0.501,-0.752
РЉБжЈА(LONG),7250,2025-04-25,L,0.722,-0.241,-0.241,-0.321,0.0,0.08
РЉБжЈА(LONG),7255,2025-05-14,L,0.372,0.372,2.416,1.301,1.487,1.487
РЉБжЈА(LONG),7309,2024-02-13,L,,,,,,-2.482
РЉБжЈА(LONG),7389,2024-05-14,L,,,,,,-1.754
РЉБжЈА(LONG),7417,2024-05-10,L,,,,,,-4.669
РЉБжЈА(LONG),7456,2022-05-13,L,,,,,,-5.073
РЉБжЈА(LONG),7456,2023-05-12,L,,,,,,-1.047
РЉБжЈА(LONG),7458,2026-05-13,L,0.521,1.44,1.776,1.409,0.766,2.266
РЉБжЈА(LONG),7477,2025-05-15,L,1.721,3.991,3.991,3.991,1.017,1.721
РЉБжЈА(LONG),7500,2025-08-08,L,-2.904,-2.904,-2.904,-0.726,-0.726,-0.091
РЉБжЈА(LONG),7521,2026-05-15,L,-1.441,-1.441,-1.371,-1.371,-1.476,-1.371
РЉБжЈА(LONG),7607,2023-10-13,L,,,,,,-0.546
РЉБжЈА(LONG),7614,2025-03-14,L,-0.487,-0.418,-0.487,-0.487,-0.139,-0.348
РЉБжЈА(LONG),7701,2025-05-12,L,0.163,0.705,0.623,0.108,-0.895,-2.684
РЉБжЈА(LONG),7715,2026-05-13,L,0.966,0.931,1.828,4.828,3.448,3.621
РЉБжЈА(LONG),7727,2025-05-15,L,0.242,-0.484,-1.211,-1.695,-1.211,-0.969
РЉБжЈА(LONG),7745,2026-05-13,L,2.026,2.026,2.026,0.972,0.608,0.0
РЉБжЈА(LONG),7762,2025-05-13,L,0.696,0.58,0.116,-0.58,0.464,1.276
РЉБжЈА(LONG),7782,2025-02-14,L,0.223,0.223,2.673,6.682,5.345,2.45
РЉБжЈА(LONG),7803,2023-08-14,L,,,,,,0.0
РЉБжЈА(LONG),7805,2023-11-24,L,,,,,,0.303
РЉБжЈА(LONG),7807,2025-04-14,L,0.661,0.661,0.396,1.057,2.114,3.699
РЉБжЈА(LONG),7839,2024-12-11,L,-0.427,-0.128,-1.282,-1.068,-0.128,0.085
РЉБжЈА(LONG),7857,2024-05-16,L,,,,,,-1.119
РЉБжЈА(LONG),7857,2025-05-15,L,,,,,,
РЉБжЈА(LONG),7857,2026-05-14,L,0.37,-0.741,-0.741,-0.741,-0.741,0.0
РЉБжЈА(LONG),7965,2025-12-25,L,0.872,-0.125,0.685,0.561,-0.935,-1.994
РЉБжЈА(LONG),7983,2023-12-15,L,,,,,,-2.473
РЉБжЈА(LONG),8040,2025-02-14,L,-1.954,-1.587,-1.587,-1.465,-0.977,-2.076
РЉБжЈА(LONG),8115,2025-05-15,L,1.133,1.545,0.824,0.515,0.412,-0.103
РЉБжЈА(LONG),8131,2026-05-08,L,0.899,-0.899,-1.851,-3.49,-5.605,-6.452
РЉБжЈА(LONG),8137,2024-05-10,L,,,,,,-3.435
РЉБжЈА(LONG),8163,2022-05-13,L,,,,,,0.489
РЉБжЈА(LONG),8230,2024-05-15,L,,,,,,-1.159
РЉБжЈА(LONG),8393,2023-05-11,L,,,,,,-0.767
РЉБжЈА(LONG),8550,2023-05-12,L,,,,,,-3.831
РЉБжЈА(LONG),8558,2024-05-09,L,,,,,,-2.131
РЉБжЈА(LONG),8558,2024-06-27,L,-0.28,-0.559,-0.42,-0.14,-0.699,-0.699
РЉБжЈА(LONG),8584,2024-05-15,L,,,,,,-5.049
РЉБжЈА(LONG),8931,2023-04-07,L,,,,,,-2.194
РЉБжЈА(LONG),9007,2025-05-13,L,0.031,-1.121,-2.148,-2.553,-2.584,-3.3
РЉБжЈА(LONG),9009,2026-05-08,L,-0.514,-1.214,-0.373,0.14,-0.794,-0.28
РЉБжЈА(LONG),9023,2026-04-28,L,-0.564,-0.376,-0.439,-0.94,-1.097,-1.693
РЉБжЈА(LONG),9083,2023-05-15,L,,,,,,0.589
РЉБжЈА(LONG),9107,2026-05-08,L,2.381,3.928,2.992,3.827,4.641,0.957
РЉБжЈА(LONG),9168,2026-04-13,L,0.709,0.709,-1.182,-3.31,-3.783,-4.255
РЉБжЈА(LONG),9202,2025-04-30,L,0.036,0.091,0.693,-0.566,0.365,1.076
РЉБжЈА(LONG),9204,2026-05-15,L,-2.857,-0.857,-1.714,-2.0,-2.857,-4.0
РЉБжЈА(LONG),9265,2025-07-11,L,0.0,-1.891,-1.891,-0.303,-0.038,0.0
РЉБжЈА(LONG),9274,2026-05-14,L,1.29,2.976,2.877,3.075,-4.464,-3.671
РЉБжЈА(LONG),9369,2026-01-08,L,1.175,0.933,0.38,1.175,0.518,1.521
РЉБжЈА(LONG),9386,2024-02-13,L,,,,,,3.212
РЉБжЈА(LONG),9401,2023-05-12,L,,,,,,2.167
РЉБжЈА(LONG),9401,2024-05-14,L,,,,,,-0.602
РЉБжЈА(LONG),9468,2022-05-12,L,,,,,,-2.243
РЉБжЈА(LONG),9503,2025-04-30,L,-0.092,1.16,1.038,0.672,1.893,1.038
РЉБжЈА(LONG),9503,2025-05-08,L,-0.819,-0.614,0.293,0.614,0.585,-0.761
РЉБжЈА(LONG),9503,2026-04-30,L,0.02,-1.405,-1.649,-2.382,-2.118,-2.097
РЉБжЈА(LONG),9505,2026-04-28,L,0.331,0.331,-0.298,-0.607,-2.595,-3.622
РЉБжЈА(LONG),9509,2026-04-28,L,1.06,1.009,1.11,2.624,3.179,1.968
РЉБжЈА(LONG),9513,2024-05-09,L,,,,,,0.993
РЉБжЈА(LONG),9600,2025-05-09,L,-2.93,-2.881,-3.906,-3.857,-6.152,-6.201
РЉБжЈА(LONG),9632,2024-03-14,L,,,,,,-0.544
РЉБжЈА(LONG),9679,2023-10-31,L,,,,,,-2.422
РЉБжЈА(LONG),9706,2026-05-08,L,4.078,3.612,5.301,3.379,1.612,0.874
РЉБжЈА(LONG),9709,2026-05-13,L,0.0,-0.271,0.61,-2.371,-3.32,-4.878
РЉБжЈА(LONG),9713,2026-05-14,L,-3.373,-2.067,-2.72,-1.741,-2.503,-1.741
РЉБжЈА(LONG),9768,2022-02-07,L,,,,,,1.257
РЉБжЈА(LONG),9768,2023-02-06,L,,,,,,-1.506
РЉБжЈА(LONG),9791,2024-05-15,L,,,,,,-9.524
РЉБжЈА(LONG),9861,2024-04-10,L,,,,,,-5.353
РЉБжЈА(LONG),9930,2025-05-15,L,0.267,0.267,0.267,-0.267,-0.267,-0.267
РЉБжЈА(LONG),9972,2023-01-13,L,,,,,,-1.455
РЉБжЈА(LONG),9976,2025-03-26,L,0.0,-0.194,0.291,-0.097,0.68,0.0
РЉаBжЈА(SHORT),3436,2021-09-30,S,,,,,,2.429
РЉаBжЈА(SHORT),7616,2021-08-24,S,,,,,,0.426
РЉаBжЈА(SHORT),3003,2021-09-28,S,,,,,,-0.869
РЉаBжЈА(SHORT),1911,2021-06-23,S,,,,,,1.565
РЉаBжЈА(SHORT),4004,2021-08-23,S,,,,,,1.334
РЉаBжЈА(SHORT),6951,2021-08-31,S,,,,,,0.395
РЉаBжЈА(SHORT),4755,2023-05-16,S,,,,,,3.161
РЉаBжЈА(SHORT),4613,2023-02-28,S,,,,,,1.441
РЉаBжЈА(SHORT),9759,2023-08-25,S,,,,,,0.396
РЉаBжЈА(SHORT),9069,2024-02-19,S,,,,,,1.221
РЉаBжЈА(SHORT),9147,2024-03-01,S,,,,,,-0.245
РЉаBжЈА(SHORT),9072,2024-06-07,S,,0.99,2.36,3.63,4.73,8.218
РЉаBжЈА(SHORT),7259,2024-06-27,S,0.51,1.12,2.59,3.4,3.06,3.006
РЉаBжЈА(SHORT),7616,2024-08-21,S,-0.03,1.52,1.36,-0.7,0.87,-0.134
РЉаBжЈА(SHORT),6965,2024-08-30,S,0.87,0.55,-0.16,-0.74,-1.53,-2.484
РЉаBжЈА(SHORT),4206,2024-10-01,S,0.79,0.69,0.09,0.52,-0.48,-0.243
РЉаBжЈА(SHORT),8020,2024-10-02,S,1.16,0.39,0.51,0.34,-0.51,-0.171
РЉаBжЈА(SHORT),8136,2024-11-26,S,,,-4.48,-4.93,-3.07,-4.0
РЉаBжЈА(SHORT),3003,2024-11-27,S,,1.84,1.54,2.38,3.96,3.301
РЉаBжЈА(SHORT),7912,2024-11-29,S,1.58,0.9,1.0,0.59,0.97,1.855
РЉаBжЈА(SHORT),7476,2025-01-07,S,0.46,3.34,3.45,1.16,4.69,1.538
РЉаBжЈА(SHORT),5844,2025-02-07,S,1.95,3.09,3.85,4.72,3.48,4.21
РЉаBжЈА(SHORT),1969,2025-02-13,S,,1.81,2.41,2.13,2.13,1.904
РЉаBжЈА(SHORT),9003,2025-02-20,S,,0.78,1.13,1.26,1.57,0.997
РЉаBжЈА(SHORT),4540,2025-02-20,S,-0.33,0.14,0.4,0.44,0.51,0.372
РЉаBжЈА(SHORT),7337,2025-06-30,S,1.17,1.73,1.21,1.26,0.74,0.867
РЉаBжЈА(SHORT),8252,2025-07-08,S,1.17,-1.38,-1.34,1.36,0.08,2.995
РЉаBжЈА(SHORT),5801,2025-07-10,S,1.81,2.06,1.96,1.64,-1.88,-1.486
РЉаBжЈА(SHORT),4506,2026-04-08,S,,0.67,0.1,0.15,3.74,3.994
РЉаBжЈА(SHORT),1803,2026-03-06,S,,1.58,0.7,-1.02,-1.16,2.716
РЉаBжЈА(SHORT),4062,2026-02-24,S,0.92,0.23,-1.26,-1.92,-0.35,0.176
РЉаBжЈА(SHORT),1942,2026-01-29,S,,2.93,2.01,2.67,1.08,1.7
РЉаBжЈА(SHORT),2871,2026-01-08,S,1.56,2.53,1.58,0.67,1.58,1.472
РЉаBжЈА(SHORT),7282,2025-11-20,S,,1.12,0.94,0.03,0.79,1.234
РЉаBжЈА(SHORT),3635,2025-09-02,S,1.27,2.14,3.11,4.08,5.7,4.353
РЉаBжЈА(SHORT),7202,2025-05-29,S,0.18,-0.44,-0.18,0.23,0.89,2.244
РЉаBжЈА(SHORT),4733,2021-08-17,S,,,,,,1.731
РЉаBжЈА(SHORT),3994,2021-08-02,S,,,,,,2.946
РЉаBжЈА(SHORT),4680,2021-07-14,S,,,,,,-2.16
РЉЕRжЈА(LONG),5131,2024-06-28,L,,-2.713,-1.55,-2.326,-9.302,-11.628
РЉЕRжЈА(LONG),4288,2024-07-08,L,,10.52,3.428,3.428,3.428,12.411
РЉЕRжЈА(LONG),4288,2024-07-16,L,,,0.601,-3.403,-3.203,-7.007
РЉЕRжЈА(LONG),4424,2024-07-18,L,,-4.554,-4.007,-5.282,-11.293,-14.026
РЉЕRжЈА(LONG),7707,2024-07-19,L,,-2.256,-6.015,-3.008,-7.519,-4.511
РЉЕRжЈА(LONG),4424,2024-07-22,L,,-7.573,-15.491,-13.425,-16.523,-14.114
РЉЕRжЈА(LONG),6537,2024-07-25,L,,-3.578,-13.371,7.91,-3.578,7.91
РЉЕRжЈА(LONG),6537,2024-07-26,L,,8.17,9.967,2.778,2.778,9.967
РЉЕRжЈА(LONG),3912,2024-07-29,L,,4.668,4.177,3.317,2.088,1.966
РЉЕRжЈА(LONG),6537,2024-07-29,L,,7.454,8.579,4.782,4.782,-19.409
РЉЕRжЈА(LONG),4424,2024-07-30,L,,-2.087,0.0,4.554,3.416,9.867
РЉЕRжЈА(LONG),6537,2024-07-30,L,,7.074,8.199,2.412,2.412,8.199
РЉЕRжЈА(LONG),4054,2024-08-08,L,,2.37,5.778,3.852,-0.148,9.333
РЉЕRжЈА(LONG),2173,2024-08-13,L,,1.296,-0.741,-1.852,0.741,2.593
РЉЕRжЈА(LONG),7014,2024-08-13,L,,-7.442,-7.496,-6.247,-8.691,-8.691
РЉЕRжЈА(LONG),3271,2024-08-14,L,,1.232,2.993,6.338,5.81,6.162
РЉЕRжЈА(LONG),7707,2024-08-26,L,,-0.894,-8.229,-18.426,-13.238,-13.775
РЉЕRжЈА(LONG),9675,2024-09-10,L,,0.359,-0.299,-0.598,-0.538,0.239
РЉЕRжЈА(LONG),6522,2024-09-11,L,,2.931,-5.517,-6.897,-11.034,-11.897
РЉЕRжЈА(LONG),6227,2024-09-12,L,,-2.379,-6.093,-9.391,-9.558,-0.25
РЉЕRжЈА(LONG),3997,2024-09-19,L,,6.766,6.567,6.766,6.07,9.453
РЉЕRжЈА(LONG),3997,2024-09-20,L,,-2.5,-1.379,-1.207,-1.638,4.914
РЉЕRжЈА(LONG),6552,2024-09-30,L,,2.121,2.121,-9.091,-17.273,-13.03
РЉЕRжЈА(LONG),6676,2024-09-30,L,,-2.651,-5.095,-3.19,-4.805,-5.054
РЉЕRжЈА(LONG),1434,2024-10-17,L,,-2.589,-3.991,-2.913,0.108,5.825
РЉЕRжЈА(LONG),9264,2024-10-17,L,,-3.456,-3.099,-2.622,0.775,1.251
РЉЕRжЈА(LONG),3793,2024-10-21,L,,-0.619,-2.104,-2.599,-2.97,-4.95
РЉЕRжЈА(LONG),8894,2024-10-28,L,,5.041,3.74,0.325,-1.463,-7.317
РЉЕRжЈА(LONG),3041,2024-10-30,L,,3.68,-2.165,-2.165,-2.165,8.658
РЉЕRжЈА(LONG),3041,2024-11-01,L,,-2.963,-13.148,-16.111,-16.481,-18.519
РЉЕRжЈА(LONG),3077,2024-11-08,L,,-1.423,-8.537,-4.675,-2.236,-6.504
РЉЕRжЈА(LONG),7068,2024-11-25,L,,0.357,6.774,1.604,-2.852,-1.07
РЉЕRжЈА(LONG),3565,2024-11-28,L,,-4.162,-3.305,-0.979,-1.224,1.836
РЉЕRжЈА(LONG),4829,2024-12-04,L,,7.576,6.818,12.121,11.364,3.788
РЉЕRжЈА(LONG),7746,2024-12-05,L,,-2.597,-1.732,1.732,12.121,-5.195
РЉЕRжЈА(LONG),4885,2025-01-07,L,,5.415,5.415,5.415,5.415,5.602
РЉЕRжЈА(LONG),6522,2025-01-07,L,,-1.917,1.438,3.994,-1.917,-7.508
РЉЕRжЈА(LONG),4885,2025-01-08,L,,-6.143,-2.539,-11.548,-16.708,-14.087
РЉЕRжЈА(LONG),6656,2025-01-24,L,,3.833,6.852,2.671,-1.626,1.045
РЉЕRжЈА(LONG),6634,2025-02-05,L,,15.698,11.628,14.535,6.395,20.349
РЉЕRжЈА(LONG),5985,2025-02-18,L,,1.337,0.0,-0.267,-1.337,1.07
РЉЕRжЈА(LONG),3195,2025-02-25,L,,-2.6,0.2,-0.8,-5.0,-6.0
РЉЕRжЈА(LONG),3195,2025-02-27,L,,1.525,1.525,-5.424,10.169,10.169
РЉЕRжЈА(LONG),3521,2025-02-27,L,,7.263,6.145,5.587,1.117,-3.352
РЉЕRжЈА(LONG),3195,2025-03-05,L,,-0.269,-15.605,-28.161,4.933,-32.735
РЉЕRжЈА(LONG),3747,2025-03-11,L,,9.959,6.432,7.261,3.112,9.959
РЉЕRжЈА(LONG),3747,2025-03-12,L,,-0.536,1.786,2.857,6.071,-14.107
РЉЕRжЈА(LONG),3987,2025-03-17,L,,0.185,4.815,5.0,-0.37,5.926
РЉЕRжЈА(LONG),4173,2025-04-15,L,,0.2,0.0,0.0,-0.2,-0.2
РЉЕRжЈА(LONG),4814,2025-04-22,L,,7.576,10.606,12.626,8.081,-8.586
РЉЕRжЈА(LONG),4814,2025-04-24,L,,6.557,15.574,9.016,-2.459,-14.344
РЉЕRжЈА(LONG),4167,2025-04-25,L,,-4.545,5.909,12.273,0.909,12.955
РЉЕRжЈА(LONG),4167,2025-04-28,L,,7.619,0.762,0.952,-2.476,2.286
РЉЕRжЈА(LONG),6614,2025-04-30,L,,5.03,-0.781,-4.77,-6.592,-7.459
РЉЕRжЈА(LONG),9610,2025-05-07,L,,7.619,10.476,6.667,4.762,-2.857
РЉЕRжЈА(LONG),4167,2025-05-09,L,,1.413,-2.827,-4.24,-6.36,0.707
РЉЕRжЈА(LONG),9610,2025-05-15,L,,8.108,5.405,1.622,2.703,21.622
РЉЕRжЈА(LONG),3347,2025-05-16,L,,-0.49,-0.245,-0.245,-0.49,0.0
РЉЕRжЈА(LONG),7356,2025-05-16,L,,-9.223,-11.65,-12.136,-15.049,-16.505
РЉЕRжЈА(LONG),7018,2025-05-26,L,,-2.967,-4.014,-5.236,-7.504,-8.377
РЉЕRжЈА(LONG),6092,2025-05-29,L,,-3.018,-1.509,-2.606,-7.27,-8.779
РЉЕRжЈА(LONG),6081,2025-06-03,L,,0.923,-10.154,-10.769,-27.077,-28.308
РЉЕRжЈА(LONG),3905,2025-06-10,L,,1.618,1.078,1.327,10.742,5.433
РЉЕRжЈА(LONG),3747,2025-06-18,L,,3.137,1.373,6.667,3.922,-1.961
РЉЕRжЈА(LONG),6297,2025-06-19,L,,-0.131,-0.131,-0.262,-0.262,-0.262
РЉЕRжЈА(LONG),7035,2025-06-27,L,,1.613,-10.369,-13.364,-10.369,-17.051
РЉЕRжЈА(LONG),7603,2025-07-08,L,,11.136,9.091,4.091,9.545,10.0
РЉЕRжЈА(LONG),6083,2025-07-10,L,,-4.698,-5.134,-2.181,-2.685,2.181
РЉЕRжЈА(LONG),3747,2025-07-14,L,,-0.988,-7.084,-6.755,-0.659,-5.437
РЉЕRжЈА(LONG),8894,2025-07-15,L,,6.481,-2.778,-11.111,-8.333,-19.444
РЉЕRжЈА(LONG),7096,2025-07-16,L,,-3.598,-5.439,-4.77,-9.623,-12.301
РЉЕRжЈА(LONG),4593,2025-07-17,L,,-1.866,-0.778,-2.022,3.266,7.932
РЉЕRжЈА(LONG),4263,2025-07-23,L,,-1.034,-5.168,-3.23,1.163,11.886
РЉЕRжЈА(LONG),3137,2025-07-24,L,,0.384,0.0,-0.576,-5.182,-5.566
РЉЕRжЈА(LONG),9428,2025-07-29,L,,8.818,11.949,9.585,5.112,3.642
РЉЕRжЈА(LONG),155A,2025-07-30,L,,4.09,4.513,0.0,0.705,1.41
РЉЕRжЈА(LONG),6730,2025-08-07,L,,-0.913,-2.324,1.992,-3.651,-4.149
РЉЕRжЈА(LONG),3077,2025-08-13,L,,-3.08,2.669,2.875,0.616,10.472
РЉЕRжЈА(LONG),3077,2025-08-14,L,,-1.701,-2.041,6.803,-2.891,8.503
РЉЕRжЈА(LONG),3692,2025-08-15,L,,5.954,3.518,1.894,5.142,-2.842
РЉЕRжЈА(LONG),147A,2025-08-18,L,,-4.864,-7.09,-7.007,-5.276,-6.678
РЉЕRжЈА(LONG),3692,2025-08-18,L,,0.917,-0.524,-3.801,-0.786,-3.932
РЉЕRжЈА(LONG),7814,2025-08-18,L,,-2.405,2.278,2.405,2.532,2.532
РЉЕRжЈА(LONG),3541,2025-08-19,L,,-0.698,2.374,0.559,1.117,1.257
РЉЕRжЈА(LONG),3747,2025-08-20,L,,2.862,8.923,-0.673,-0.673,8.923
РЉЕRжЈА(LONG),3920,2025-08-22,L,,-2.703,-6.888,-7.062,-10.201,-8.98
РЉЕRжЈА(LONG),3683,2025-08-25,L,,4.123,-9.355,-10.148,-4.598,-5.92
РЉЕRжЈА(LONG),6335,2025-09-18,L,,7.395,5.21,7.899,1.513,-6.387
РЉЕRжЈА(LONG),153A,2025-09-19,L,,-1.448,-11.688,-14.477,-13.63,-12.147
РЉЕRжЈА(LONG),7068,2025-09-29,L,,-3.043,-5.507,-1.594,-4.348,-0.725
РЉЕRжЈА(LONG),4745,2025-10-16,L,,0.0,0.0,0.0,0.225,0.0
РЉЕRжЈА(LONG),7837,2025-10-16,L,,3.383,9.937,1.691,3.383,10.148
РЉЕRжЈА(LONG),4418,2025-10-22,L,,2.25,4.236,7.081,1.853,10.192
РЉЕRжЈА(LONG),7837,2025-10-22,L,,-1.194,-0.299,-1.194,-1.194,5.97
РЉЕRжЈА(LONG),7014,2025-10-27,L,,-7.207,-4.865,-8.108,-4.685,-2.883
РЉЕRжЈА(LONG),7806,2025-11-13,L,,3.602,6.992,5.826,3.919,2.648
РЉЕRжЈА(LONG),5258,2025-11-17,L,,-1.326,-3.409,-2.652,-4.735,-2.462
РЉЕRжЈА(LONG),7455,2025-11-17,L,,0.0,-0.172,0.0,-0.172,-0.172
РЉЕRжЈА(LONG),4424,2025-11-21,L,,-3.563,-3.563,-12.249,-3.563,12.472
РЉЕRжЈА(LONG),7356,2025-11-26,L,,9.744,3.59,4.615,-5.128,-9.744
РЉЕRжЈА(LONG),6993,2025-11-28,L,,14.286,11.429,28.571,22.857,31.429
РЉЕRжЈА(LONG),9610,2025-12-04,L,,-6.907,-19.52,-19.82,-20.42,-33.033
РЉЕRжЈА(LONG),3444,2025-12-18,L,,1.017,-2.907,-6.25,-11.337,-9.302
РЉЕRжЈА(LONG),6217,2025-12-26,L,,8.721,7.122,7.994,3.052,-2.471
РЉЕRжЈА(LONG),3541,2025-12-30,L,,0.262,0.131,0.0,0.0,0.131
РЉЕRжЈА(LONG),4814,2026-01-09,L,,-7.782,-8.171,-8.56,-10.117,-10.506
РЉЕRжЈА(LONG),3559,2026-01-13,L,,4.537,-1.815,1.089,0.726,0.907
РЉЕRжЈА(LONG),9270,2026-01-14,L,,-3.355,-1.677,0.868,3.991,7.403
РЉЕRжЈА(LONG),6182,2026-01-16,L,,-5.333,-4.5,-1.667,-3.0,-3.333
РЉЕRжЈА(LONG),9227,2026-01-16,L,,4.181,-8.084,-16.028,-16.794,-16.098
РЉЕRжЈА(LONG),7603,2026-01-27,L,,-14.667,-15.667,-17.667,-16.333,-23.0
РЉЕRжЈА(LONG),9227,2026-02-04,L,,-3.033,-4.216,-7.396,-2.589,1.183
РЉЕRжЈА(LONG),4237,2026-02-09,L,,-5.426,-1.938,-5.039,-8.527,-5.814
РЉЕRжЈА(LONG),7999,2026-02-10,L,,0.0,0.0,0.0,-0.131,-0.131
РЉЕRжЈА(LONG),6614,2026-02-12,L,,4.0,12.522,5.304,5.304,18.261
РЉЕRжЈА(LONG),6855,2026-02-12,L,,11.664,8.519,3.014,10.616,6.553
РЉЕRжЈА(LONG),7819,2026-02-16,L,,6.578,3.051,3.241,4.099,8.008
РЉЕRжЈА(LONG),1514,2026-02-18,L,,1.512,1.512,1.512,1.512,-26.804
РЉЕRжЈА(LONG),5381,2026-02-18,L,,2.831,2.831,-24.063,-20.316,-21.316
РЉЕRжЈА(LONG),7022,2026-02-18,L,,-12.982,-12.807,-16.491,-15.439,-17.895
РЉЕRжЈА(LONG),7810,2026-02-18,L,,4.071,4.071,4.071,-23.919,-28.499
РЉЕRжЈА(LONG),9913,2026-02-20,L,,-2.162,0.541,0.405,-1.892,2.568
РЉЕRжЈА(LONG),6994,2026-02-25,L,,-6.414,-6.329,-9.789,-7.511,-10.633
РЉЕRжЈА(LONG),7746,2026-02-26,L,,-7.434,-5.575,-7.876,-6.991,-5.398
РЉЕRжЈА(LONG),1514,2026-03-16,L,,-10.684,-13.105,-13.94,-13.439,-12.27
РЉЕRжЈА(LONG),6072,2026-03-27,L,,-5.268,-4.554,-3.125,-7.143,3.482
РЉЕRжЈА(LONG),6522,2026-03-27,L,,-5.256,-6.489,5.84,3.115,-2.661
РЉЕRжЈА(LONG),8289,2026-04-02,L,,3.066,7.836,5.111,6.303,8.518
РЉЕRжЈА(LONG),186A,2026-04-03,L,,-3.735,-1.307,-3.361,-5.135,-3.828
РЉЕRжЈА(LONG),1434,2026-04-15,L,,-3.475,-5.939,-6.343,-8.848,-7.515
РЉЕRжЈА(LONG),6217,2026-04-22,L,,5.333,5.333,5.333,22.0,28.867
РЉЕRжЈА(LONG),6232,2026-04-23,L,,-4.307,-0.345,-4.005,-5.34,-2.627
РЉЕRжЈА(LONG),7256,2026-04-23,L,,-4.932,-6.301,-3.014,-5.753,2.74
РЉЕRжЈА(LONG),6570,2026-05-14,L,,-0.865,-1.112,-1.174,-0.062,-0.988
РЉЕRжЈА(LONG),7183,2026-05-14,L,,0.0,0.0,0.0,0.0,0.0
РЉЕRжЈА(LONG),6232,2026-05-18,L,,-8.722,-8.271,-10.286,-10.466,-8.571
РЉЕRжЈА(LONG),4436,2026-05-21,L,,-4.324,-2.703,-4.144,-9.009,-12.072
РЉЕRжЈА(LONG),5367,2026-05-27,L,,-4.823,-9.463,-6.642,-5.551,-9.099
РЉЕRжЈА(LONG),6635,2026-05-27,L,,3.261,10.0,3.261,3.261,10.0
РЉЕRжЈА(LONG),6635,2026-05-28,L,,-6.897,-1.089,0.0,-10.799,-12.341
РЉЕRжЈА(LONG),3905,2026-05-29,L,,11.481,10.0,10.926,3.519,13.704
РЉджЈА(LONG),4221,2024-07-01,L,,0.0,0.0,0.0,-1.218,0.592
РЉджЈА(LONG),7259,2024-07-08,L,,-0.831,-0.51,-0.585,-0.755,-0.85
РЉджЈА(LONG),1946,2024-07-08,L,,0.0,-0.388,0.0,-0.969,-2.907
РЉджЈА(LONG),7267,2024-07-17,L,,0.0,0.524,0.553,-0.698,-0.116
РЉджЈА(LONG),7936,2024-07-23,L,,-0.251,-0.541,-0.193,-0.464,-2.61
РЉджЈА(LONG),7272,2024-09-02,L,,-0.039,0.664,0.508,-0.352,1.602
РЉджЈА(LONG),1333,2024-09-03,L,,-0.166,0.0,0.232,0.099,0.96
РЉджЈА(LONG),6498,2024-09-03,L,,-0.583,-0.292,-0.389,-0.486,0.0
РЉджЈА(LONG),6745,2024-09-09,L,,0.209,0.418,-0.209,0.261,-5.59
РЉджЈА(LONG),6965,2024-09-09,L,,-0.06,0.0,-0.694,-0.181,2.022
РЉджЈА(LONG),4206,2024-10-08,L,,0.213,0.03,-0.122,-0.426,-1.004
РЉджЈА(LONG),8020,2024-10-09,L,,-0.851,-0.894,-1.106,-2.34,-1.021
РЉджЈА(LONG),4732,2024-10-16,L,,0.538,0.615,0.308,0.0,-0.846
РЉджЈА(LONG),4825,2024-10-21,L,,1.043,0.0,0.696,0.696,-0.522
РЉджЈА(LONG),3191,2024-11-25,L,,-0.328,-0.382,-0.109,-0.928,-2.021
РЉджЈА(LONG),8136,2024-12-10,L,,1.332,1.798,0.444,0.402,-0.994
РЉджЈА(LONG),3003,2024-12-10,L,,0.76,0.941,1.086,0.145,-0.181
РЉджЈА(LONG),8061,2024-12-09,L,,1.091,-0.109,-0.545,-0.763,-1.2
РЉджЈА(LONG),7912,2024-12-09,L,,-0.275,-0.252,0.32,0.023,0.641
РЉджЈА(LONG),6332,2024-12-11,L,,0.491,-0.842,-1.053,-0.772,-1.053
РЉджЈА(LONG),8291,2024-12-18,L,,,-6.13,-6.322,-6.513,-4.789
РЉджЈА(LONG),1904,2024-12-16,L,,0.0,0.0,1.093,0.0,3.962
РЉджЈА(LONG),7476,2025-01-15,L,,0.423,0.127,0.613,0.254,0.508
РЉджЈА(LONG),9743,2025-01-15,L,,0.112,0.337,0.449,0.112,-0.899
РЉджЈА(LONG),8157,2025-02-17,L,,0.966,0.845,0.845,0.201,-2.777
РЉджЈА(LONG),5844,2025-02-18,L,,0.209,-0.162,0.464,0.046,-0.162
РЉджЈА(LONG),1969,2025-02-26,L,,-0.936,-1.743,-1.89,-1.394,-1.211
РЉджЈА(LONG),1870,2025-02-25,L,,0.949,0.87,0.079,1.502,-4.901
РЉджЈА(LONG),8150,2025-02-25,L,,0.303,0.354,0.303,0.91,0.808
РЉджЈА(LONG),2980,2025-02-26,L,,-0.452,-0.904,-1.054,-1.355,-3.464
РЉджЈА(LONG),4337,2025-03-03,L,,0.843,0.843,0.843,0.337,1.383
РЉджЈА(LONG),8043,2025-03-03,L,,-0.108,-0.649,-0.685,-0.469,-0.505
РЉджЈА(LONG),9003,2025-03-03,L,,0.356,0.089,-0.379,-1.114,-3.653
РЉджЈА(LONG),4540,2025-03-03,L,,0.278,0.07,0.371,-0.162,-0.255
РЉджЈА(LONG),7182,2025-03-10,L,,-0.945,-1.383,-1.383,-1.788,-0.574
РЉджЈА(LONG),9713,2025-03-10,L,,-0.853,-0.853,-0.853,-0.853,-0.948
РЉджЈА(LONG),3611,2025-03-17,L,,1.314,0.219,1.095,1.533,4.71
РЉджЈА(LONG),7269,2025-04-14,L,,-0.126,-0.439,-0.565,-0.816,-1.412
РЉджЈА(LONG),9409,2025-04-22,L,,0.309,-0.81,-0.424,-0.154,2.97
РЉджЈА(LONG),2726,2025-05-19,L,,1.648,0.549,1.374,1.786,0.549
РЉджЈА(LONG),8252,2025-07-14,L,,-0.1,0.3,-0.45,-0.634,-1.235
РЉджЈА(LONG),5801,2025-07-23,L,,-1.695,-3.912,-3.53,-4.065,-3.53
РЉджЈА(LONG),7818,2025-07-29,L,,-0.426,-0.426,-1.201,-1.898,0.116
РЉджЈА(LONG),2585,2025-09-09,L,,-0.754,-1.389,-1.389,-3.175,-6.786
РЉджЈА(LONG),4534,2026-04-06,L,,-0.143,0.429,1.288,1.144,-1.717
РЉджЈА(LONG),7245,2026-03-17,L,,0.0,-0.943,0.419,-0.524,0.0
РЉджЈА(LONG),7613,2026-03-16,L,,0.672,0.504,0.84,-0.168,1.595
РЉджЈА(LONG),1803,2026-03-16,L,,-0.194,-0.421,-0.55,-2.88,-2.557
РЉджЈА(LONG),2734,2026-03-11,L,,-0.529,-1.057,0.0,0.0,-4.229
РЉджЈА(LONG),7974,2026-03-09,L,,0.882,-0.153,0.141,-0.635,1.211
РЉджЈА(LONG),5461,2026-03-05,L,,0.936,1.114,1.025,-0.624,-4.456
РЉджЈА(LONG),2288,2026-03-04,L,,-1.088,-1.828,-0.784,-2.96,-4.528
РЉджЈА(LONG),4062,2026-03-04,L,,0.924,0.474,-1.137,-4.786,-5.817
РЉджЈА(LONG),1938,2026-03-03,L,,0.0,0.162,0.485,-0.809,-2.104
РЉджЈА(LONG),8103,2026-03-02,L,,0.108,-0.324,0.216,-0.431,-5.502
РЉджЈА(LONG),3850,2026-03-02,L,,-0.469,-0.469,-0.469,-0.156,0.156
РЉджЈА(LONG),1945,2026-02-25,L,,0.159,0.106,0.212,-0.424,0.318
РЉджЈА(LONG),9324,2026-02-24,L,,0.63,1.103,1.812,0.788,0.748
РЉджЈА(LONG),9902,2026-02-18,L,,0.079,0.04,0.119,0.04,-0.912
РЉджЈА(LONG),1942,2026-02-16,L,,-0.841,-0.619,-0.619,-1.381,-0.254
РЉджЈА(LONG),1418,2026-02-04,L,,0.508,0.508,0.508,2.373,3.39
РЉджЈА(LONG),4063,2026-02-04,L,,0.565,1.131,0.838,1.949,1.735
РЉджЈА(LONG),8142,2026-01-21,L,,0.125,0.125,0.502,0.125,-2.886
РЉджЈА(LONG),1861,2026-01-19,L,,0.629,0.286,0.286,0.057,-1.316
РЉджЈА(LONG),2871,2026-01-19,L,,0.923,1.438,1.601,2.687,0.217
РЉджЈА(LONG),4246,2026-01-19,L,,-1.561,0.0,-1.681,-0.84,4.202
РЉджЈА(LONG),6103,2025-12-17,L,,-0.144,0.0,-0.144,1.153,0.0
РЉджЈА(LONG),4658,2025-12-15,L,,1.197,2.65,0.513,2.393,1.368
РЉджЈА(LONG),5970,2025-12-15,L,,0.213,0.905,0.426,0.479,0.586
РЉджЈА(LONG),2004,2025-12-08,L,,0.385,0.245,0.315,0.595,0.805
РЉджЈА(LONG),7914,2025-12-03,L,,0.487,-0.07,-0.07,0.209,0.834
РЉджЈА(LONG),5959,2025-12-02,L,,-0.109,-0.654,-0.763,0.0,1.634
РЉджЈА(LONG),7282,2025-12-01,L,,-0.668,-0.751,-0.668,-0.584,-3.477
РЉджЈА(LONG),6622,2025-11-26,L,,-0.117,0.351,0.351,1.288,1.171
РЉджЈА(LONG),4633,2025-11-26,L,,-0.044,0.044,0.264,0.0,1.587
РЉджЈА(LONG),2653,2025-11-11,L,,0.0,0.0,0.0,0.0,0.379
РЉджЈА(LONG),2207,2025-10-22,L,,0.283,0.283,0.283,0.0,0.567
РЉджЈА(LONG),5889,2025-10-22,L,,1.164,0.791,1.769,1.257,5.214
РЉджЈА(LONG),2001,2025-10-21,L,,1.509,1.465,1.465,1.154,0.044
РЉджЈА(LONG),6309,2025-10-06,L,,-0.48,-0.96,-0.66,-0.96,-0.78
РЉджЈА(LONG),4054,2025-09-01,L,,0.0,0.0,0.0,-1.481,-1.975
РЉджЈА(LONG),5036,2025-08-27,L,,0.0,-0.981,0.061,-2.514,-1.962
РЉджЈА(LONG),7202,2025-06-10,L,,-0.3,-0.655,-0.709,-0.191,0.136
РЉджЈА(LONG),4097,2025-03-04,L,,-1.56,-1.56,-1.3,-2.471,-3.901
РЉджЈА(LONG),2805,2025-02-18,L,,0.394,0.591,0.591,4.134,4.331
РЉджЈА(LONG),4595,2024-12-03,L,,-0.443,-0.38,-0.38,0.253,0.0
РЉджЈА(LONG),4413,2024-12-03,L,,-2.879,-2.111,-2.687,-2.303,-0.192
РЉджЈА(LONG),6454,2024-11-27,L,,0.45,-0.3,0.45,-1.652,3.604
РЉджЈА(LONG),9960,2024-11-27,L,,0.364,0.809,0.486,-0.526,-1.821
РЉджЈА(LONG),9341,2024-11-26,L,,0.0,-1.15,-1.962,-1.353,0.474
РЉджЈА(LONG),7683,2024-10-23,L,,-3.338,0.0,-1.808,-1.53,-0.974
РЉджЈА(LONG),6525,2024-07-22,L,,-0.585,-1.365,-0.78,-3.509,-7.992
РЉджЈА(LONG),7173,2026-05-21,L,,0.37,0.092,1.201,1.017,2.865
РЉЦжЈА(SHORT),7267,2024-07-24,S,,0.454,0.091,0.333,0.302,-1.391
РЉЦжЈА(SHORT),7936,2024-07-30,S,,-0.129,-0.622,0.343,0.815,1.586
РЉЦжЈА(SHORT),7616,2024-09-05,S,,-1.18,-1.18,-0.604,-1.669,-0.863
РЉЦжЈА(SHORT),7272,2024-09-09,S,,0.85,1.147,1.232,1.657,3.483
РЉЦжЈА(SHORT),6965,2024-09-17,S,,-0.789,-0.467,-0.993,-1.11,-0.058
РЉЦжЈА(SHORT),9503,2024-12-03,S,,-0.757,-0.783,0.679,0.522,0.966
РЉЦжЈА(SHORT),3003,2024-12-17,S,,0.483,0.706,0.483,-0.149,-1.115
РЉЦжЈА(SHORT),7912,2024-12-16,S,,-0.947,-0.767,-0.564,0.586,0.338
РЉЦжЈА(SHORT),5844,2025-02-26,S,,1.611,2.724,1.421,1.516,2.724
РЉЦжЈА(SHORT),7182,2025-03-17,S,,-0.355,-0.065,0.097,1.419,0.968
РЉЦжЈА(SHORT),7269,2025-04-21,S,,-1.227,-1.135,-1.411,-1.84,-1.411
РЉЦжЈА(SHORT),8252,2025-07-22,S,,-0.415,0.033,-0.399,-0.365,0.0
РЉЦжЈА(SHORT),2585,2025-09-17,S,,0.0,-1.016,-0.177,-0.177,-0.442
РЉЦжЈА(SHORT),4506,2026-04-27,S,,-1.897,-3.179,-3.746,-3.869,-4.633
РЉЦжЈА(SHORT),4784,2026-04-28,S,,,1.893,5.164,3.614,3.614
РЉЦжЈА(SHORT),1803,2026-03-19,S,,-0.742,-1.045,-0.792,-0.135,-2.225
РЉЦжЈА(SHORT),1942,2026-02-24,S,,-1.328,-1.761,-1.209,0.478,-1.254
РЉЦжЈА(SHORT),4063,2026-02-12,S,,1.593,1.37,2.333,3.463,6.315
РЉЦжЈА(SHORT),2871,2026-01-26,S,,1.516,0.851,0.691,0.399,1.489
РЉЦжЈА(SHORT),7282,2025-12-08,S,,0.462,0.952,0.952,1.443,1.616
РЉЦжЈА(SHORT),3498,2025-11-13,S,,0.121,0.0,-0.364,0.606,3.394
РЉЦжЈА(SHORT),3635,2025-09-18,S,,1.383,0.794,0.666,1.844,2.356
РЉЦжЈА(SHORT),7202,2025-06-17,S,,0.528,0.528,0.694,0.528,0.361
РЉЦжЈА(SHORT),7173,2026-05-26,S,,-1.747,-1.048,-1.397,-0.175,0.262
РЉАжЈА(LONG),3492,2024-09-05,L,,-2.353,-1.818,-2.246,-2.246,-4.492
РЉАжЈА(LONG),8985,2024-06-27,L,,0.528,1.187,2.111,1.715,1.715
РЉАжЈА(LONG),3282,2024-07-18,L,,0.163,0.653,0.163,1.142,1.468
РЉАжЈА(LONG),8963,2024-07-24,L,,-0.303,-0.909,-0.606,-0.152,-1.667
РЉАжЈА(LONG),3468,2024-08-22,L,,-0.921,-0.184,-0.368,0.0,0.0
РЉАжЈА(LONG),8968,2024-09-04,L,,-3.224,-3.289,-3.553,-3.684,-5.263
РЉАжЈА(LONG),3492,2024-09-05,L,,-2.353,-1.818,-2.246,-2.246,-4.492
РЉАжЈА(LONG),8953,2024-09-30,L,,0.826,-0.31,-0.31,0.0,-0.207
РЉАжЈА(LONG),8966,2025-05-22,L,,1.5,1.579,1.342,1.342,2.605
РЉАжЈА(LONG),8951,2025-06-25,L,,1.293,1.293,1.293,1.369,1.445
РЉАжЈА(LONG),8958,2026-04-01,L,,-7.733,-8.188,-8.264,-8.415,-8.491
РЉАжЈА(LONG),8952,2026-03-25,L,,-1.761,-1.521,-1.761,-2.162,-3.283
РЉАжЈА(LONG),3290,2026-03-12,L,,-4.037,-3.806,-4.152,-4.268,-4.729
РЉАжЈА(LONG),8985,2026-03-03,L,,-3.811,-4.388,-4.388,-4.965,-6.813
РЉАжЈА(LONG),3296,2026-02-25,L,,-1.667,-1.458,-1.667,-1.458,-1.146
РЉАжЈА(LONG),3492,2026-02-24,L,,-0.961,-0.747,-0.854,-0.64,-0.961
РЉАжЈА(LONG),2989,2026-01-20,L,,-0.676,-0.507,-0.591,-0.929,-1.267
РЉАжЈА(LONG),8951,2026-01-14,L,,0.909,1.049,1.399,1.399,1.678
РЉАжЈА(LONG),8955,2025-12-03,L,,-0.667,-0.762,-0.762,-1.333,-0.571
РЉАжЈА(LONG),8960,2025-11-20,L,,-1.809,-1.597,-1.809,-1.916,-2.767
РЉАжЈА(LONG),3472,2025-11-19,L,,-3.567,-4.4,-3.686,-2.14,-4.875
РЉАжЈА(LONG),2989,2025-01-21,L,,0.378,0.378,0.189,0.189,0.094
РЉАжЈА(LONG),3472,2024-11-25,L,,-1.458,-0.729,-1.458,-0.875,-1.02
РЉАжЈА(LONG),3470,2024-08-27,L,,1.231,0.41,0.41,1.805,0.902
РЉАжЈА(LONG),8966,2026-05-21,L,,0.359,0.431,0.718,0.287,0.144
