code,sdown_date,entry_date,gap_pct,open_time,open,mkt,scale_band,mrgn,openable_by_10,net_0930,net_1000,net_1030,net_close
4107,2024-06-18,2024-06-19,-17.75,09:27,25950.0,スタンダード,小型,信用,1,1.264,8.239,3.384,-5.595
4107,2024-06-19,2024-06-20,-14.54,09:21,20980.0,スタンダード,小型,信用,1,0.277,-3.537,-3.918,1.516
4592,2024-06-20,2024-06-21,-10.61,09:17,758.0,グロース,小型,信用,1,0.064,1.779,3.098,-8.116
7083,2024-06-27,2024-06-28,-16.95,15:00,3430.0,グロース,小型,信用,0,,,,-0.2
4169,2024-06-28,2024-07-01,-18.96,15:00,342.0,グロース,小型,貸借,0,,,,-0.2
4169,2024-07-01,2024-07-02,-37.43,09:45,214.0,グロース,小型,貸借,1,,4.94,5.875,-5.34
2934,2024-07-19,2024-07-22,-15.64,09:21,1850.0,グロース,小型,信用,1,0.989,-7.119,-5.227,-8.2
5246,2024-07-19,2024-07-22,-19.0,09:27,1236.0,グロース,小型,信用,1,4.978,0.852,7.81,12.017
7776,2024-07-19,2024-07-22,-19.06,15:00,637.0,グロース,小型,信用,0,,,,-0.2
7776,2024-07-22,2024-07-23,-15.7,15:00,537.0,グロース,小型,信用,0,,,,-0.2
3350,2024-07-25,2024-07-26,-15.45,09:12,186.0,スタンダード,小型,信用,1,13.241,12.703,28.295,24.531
3350,2024-07-30,2024-07-31,-10.6,09:12,1350.0,スタンダード,小型,信用,1,-13.015,-12.793,-14.126,-12.867
6537,2024-07-31,2024-08-01,-17.45,09:37,473.0,グロース,小型,貸借,1,,0.011,-0.2,-0.2
3189,2024-08-01,2024-08-02,-11.08,09:13,321.0,スタンダード,小型,信用,1,-5.184,-3.627,-7.988,-5.184
3841,2024-08-01,2024-08-02,-15.07,09:21,2255.0,スタンダード,小型,信用,1,-3.26,-3.127,5.521,7.561
3841,2024-08-02,2024-08-05,-10.29,09:12,2180.0,スタンダード,小型,信用,1,-8.136,-3.411,-8.686,-11.668
4080,2024-08-02,2024-08-05,-10.06,09:15,751.0,,,,1,-0.067,0.865,-0.333,-8.988
6521,2024-08-05,2024-08-06,-8.38,09:11,1858.0,グロース,小型,信用,1,-9.888,-9.457,-14.086,-14.032
2743,2024-08-14,2024-08-15,-30.3,15:00,69.0,,,,0,,,,-0.2
7063,2024-08-15,2024-08-16,-17.71,09:27,697.0,グロース,小型,信用,1,-0.2,-0.2,-0.2,-0.2
3667,2024-08-16,2024-08-19,-9.23,09:06,236.0,スタンダード,小型,貸借,1,2.342,1.919,2.766,-2.742
7063,2024-08-16,2024-08-19,-12.91,09:24,607.0,グロース,小型,信用,1,2.601,7.378,8.531,-1.847
3224,2024-08-29,2024-08-30,-18.12,09:21,1062.0,グロース,小型,信用,1,3.943,4.696,4.696,3.849
9229,2024-09-03,2024-09-04,-18.63,09:25,1966.0,プライム,小型,貸借,1,4.022,3.869,2.038,-0.81
6899,2024-09-30,2024-10-01,-10.63,09:12,2000.0,スタンダード,小型,信用,1,-0.35,-1.3,-1.85,-1.4
3738,2024-10-01,2024-10-02,-8.85,09:15,2666.0,,,,1,-0.2,-0.162,-0.2,-0.125
1322,2024-10-07,2024-10-08,-13.17,09:15,10680.0,その他,小型,貸借,1,2.375,1.298,0.128,-12.288
2530,2024-10-07,2024-10-08,-21.42,15:00,55040.0,その他,小型,貸借,0,,,,-0.2
1309,2024-10-08,2024-10-09,-16.72,09:28,48320.0,その他,小型,貸借,1,0.214,-0.159,0.4,-0.821
2530,2024-10-08,2024-10-09,-18.17,15:00,45040.0,その他,小型,貸借,0,,,,-0.2
2553,2024-10-08,2024-10-09,-49.72,10:36,17800.0,その他,小型,貸借,0,,,,9.351
2628,2024-10-08,2024-10-09,-16.67,10:47,5000.0,その他,小型,貸借,0,,,,-0.2
2629,2024-10-08,2024-10-09,-19.97,10:45,6010.0,その他,小型,貸借,0,,,,-0.2
2156,2024-10-09,2024-10-10,-19.43,15:00,622.0,スタンダード,小型,信用,0,,,,-0.2
2530,2024-10-09,2024-10-10,-15.54,15:00,38040.0,その他,小型,貸借,0,,,,-0.2
2628,2024-10-09,2024-10-10,-20.0,15:00,4000.0,その他,小型,貸借,0,,,,-0.2
2629,2024-10-09,2024-10-10,-16.64,15:00,5010.0,その他,小型,貸借,0,,,,-0.2
2530,2024-10-10,2024-10-11,-18.4,15:00,31040.0,その他,小型,貸借,0,,,,-0.2
2553,2024-10-10,2024-10-11,-26.45,09:36,11400.0,その他,小型,貸借,1,,-7.7,-15.112,-67.174
2628,2024-10-10,2024-10-11,-31.25,09:54,2750.0,その他,小型,貸借,1,,-1.545,-7.473,-9.291
2629,2024-10-10,2024-10-11,-19.96,15:00,4010.0,その他,小型,貸借,0,,,,-0.2
2530,2024-10-11,2024-10-15,-22.55,15:00,24040.0,その他,小型,貸借,0,,,,-0.2
2629,2024-10-11,2024-10-15,-17.46,15:00,3310.0,その他,小型,貸借,0,,,,-0.2
2530,2024-10-15,2024-10-16,-20.8,15:00,19040.0,その他,小型,貸借,0,,,,-0.2
2553,2024-10-15,2024-10-16,-41.23,10:15,1800.0,その他,小型,貸借,0,,,-7.144,-11.061
2629,2024-10-15,2024-10-16,-13.6,09:20,2860.0,その他,小型,貸借,1,-3.697,-3.347,-3.417,-3.102
7603,2024-10-15,2024-10-16,-15.75,09:12,214.0,スタンダード,小型,貸借,1,4.473,0.267,-0.2,0.735
2530,2024-10-16,2024-10-17,-21.01,15:00,15040.0,その他,小型,貸借,0,,,,-0.2
4664,2024-11-01,2024-11-05,-10.91,09:10,980.0,スタンダード,小型,信用,1,-6.322,-9.18,-4.588,-18.465
7063,2024-11-07,2024-11-08,-16.39,15:30,510.0,グロース,小型,信用,0,,,,-0.2
7063,2024-11-08,2024-11-11,-14.9,09:24,434.0,グロース,小型,信用,1,6.021,1.874,-4.578,-5.73
7071,2024-11-08,2024-11-11,-26.42,09:36,1114.0,プライム,小型,貸借,1,,-0.2,-0.2,-0.2
2901,2024-11-11,2024-11-12,-16.07,09:25,705.0,スタンダード,小型,信用,1,3.488,8.311,5.616,19.658
7071,2024-11-11,2024-11-12,-8.08,09:06,1024.0,プライム,小型,貸借,1,-8.11,-9.087,-9.575,-5.766
2743,2024-11-12,2024-11-13,-26.67,09:09,55.0,,,,1,21.618,23.436,28.891,30.709
3077,2024-11-12,2024-11-13,-10.45,09:15,394.0,スタンダード,小型,貸借,1,-0.454,-3.753,-5.022,-3.753
142A,2024-11-15,2024-11-18,-17.91,09:30,669.0,グロース,小型,信用,1,2.192,3.537,3.836,0.846
4894,2024-11-15,2024-11-18,-11.09,09:20,4650.0,グロース,小型,信用,1,5.176,12.488,16.144,8.617
9399,2024-11-27,2024-11-28,-20.41,15:30,2730.0,スタンダード,小型,信用,0,,,,-0.2
2934,2024-11-28,2024-11-29,-18.83,09:26,1379.0,グロース,小型,信用,1,7.124,5.746,11.475,31.2
5759,2024-11-28,2024-11-29,-83.52,12:42,72.0,,,,0,,,,1.189
9399,2024-11-28,2024-11-29,-18.32,15:30,2230.0,スタンダード,小型,信用,0,,,,-0.2
9399,2024-11-29,2024-12-02,-13.0,09:17,1940.0,スタンダード,小型,信用,1,11.656,-2.365,-8.035,-30.561
4073,2024-12-11,2024-12-12,-13.6,09:23,667.0,グロース,小型,信用,1,-0.5,-2.749,-1.999,-0.35
7806,2024-12-13,2024-12-16,-12.43,09:15,1550.0,グロース,小型,貸借,1,0.768,1.413,1.155,0.832
9468,2024-12-20,2024-12-23,-16.62,09:24,3076.0,プライム,中型,貸借,1,2.856,3.246,2.661,1.035
8894,2024-12-23,2024-12-24,-16.33,15:30,410.0,スタンダード,小型,貸借,0,,,,-0.2
7067,2025-01-06,2025-01-07,-14.54,09:15,1058.0,グロース,小型,信用,1,-0.011,-1.901,-1.996,-4.548
303A,2025-01-08,2025-01-09,-14.96,09:20,1990.0,グロース,小型,信用,1,0.453,-3.567,-5.627,-7.738
4935,2025-01-08,2025-01-09,-18.55,15:30,4390.0,スタンダード,小型,信用,0,,,,-0.2
4935,2025-01-09,2025-01-10,-15.95,15:30,3690.0,スタンダード,小型,信用,0,,,,-0.2
4935,2025-01-10,2025-01-14,-31.17,09:54,2540.0,スタンダード,小型,信用,1,,-4.806,-7.444,-21.46
205A,2025-01-15,2025-01-16,-21.89,15:30,1427.0,グロース,小型,信用,0,,,,-0.2
5247,2025-01-15,2025-01-16,-8.72,09:09,2930.0,グロース,小型,信用,1,4.066,7.138,4.919,0.141
205A,2025-01-16,2025-01-17,-12.61,09:15,1247.0,グロース,小型,信用,1,-1.162,-1.323,-3.007,-0.842
2553,2025-01-30,2025-01-31,-26.35,09:39,1730.0,その他,小型,貸借,1,,11.361,9.049,-1.154
2629,2025-01-30,2025-01-31,-24.44,09:39,2811.0,その他,小型,貸借,1,,4.638,14.528,0.761
4889,2025-01-30,2025-01-31,-22.3,09:30,1185.0,グロース,小型,信用,1,3.26,13.049,6.973,-5.263
9552,2025-01-31,2025-02-03,-11.32,09:15,1386.0,プライム,小型,貸借,1,2.83,9.396,8.891,7.159
2491,2025-02-03,2025-02-04,-12.09,09:21,800.0,プライム,小型,貸借,1,-4.575,-5.2,-5.2,-5.2
2345,2025-02-04,2025-02-05,-17.35,15:30,381.0,スタンダード,小型,信用,0,,,,-0.2
2345,2025-02-05,2025-02-06,-35.7,09:49,245.0,スタンダード,小型,信用,1,,1.024,0.616,-2.649
254A,2025-02-13,2025-02-14,-12.79,09:17,1636.0,スタンダード,小型,信用,1,-1.484,3.712,10.68,17.465
5243,2025-02-13,2025-02-14,-20.76,15:30,1909.0,グロース,小型,信用,0,,,,-0.2
6955,2025-02-13,2025-02-14,-16.67,09:29,450.0,スタンダード,小型,信用,1,-1.533,-1.978,-1.533,-2.422
3968,2025-02-14,2025-02-17,-12.3,09:19,499.0,プライム,小型,貸借,1,-0.4,-3.206,-2.805,-2.805
5243,2025-02-14,2025-02-17,-20.95,15:30,1509.0,グロース,小型,信用,0,,,,-0.2
5380,2025-02-14,2025-02-17,-20.92,15:30,1890.0,スタンダード,小型,信用,0,,,,-0.2
5535,2025-02-14,2025-02-17,-15.95,15:30,5270.0,プライム,小型,信用,0,,,,-0.2
4436,2025-02-17,2025-02-18,-19.66,09:52,613.0,グロース,小型,貸借,1,,-0.037,-0.2,4.205
3350,2025-02-26,2025-02-27,-19.96,15:30,4010.0,スタンダード,小型,信用,0,,,,-0.2
3350,2025-02-27,2025-02-28,-17.46,15:30,3310.0,スタンダード,小型,信用,0,,,,-0.2
5535,2025-02-27,2025-02-28,-18.22,09:24,1750.0,プライム,小型,信用,1,3.286,0.2,0.371,-4.771
8798,2025-03-03,2025-03-04,-17.09,15:30,388.0,プライム,小型,信用,0,,,,-0.2
8798,2025-03-04,2025-03-05,-20.62,09:27,308.0,プライム,小型,信用,1,1.423,2.722,1.423,1.748
2338,2025-03-07,2025-03-10,-11.15,09:18,510.0,スタンダード,小型,その他,1,-7.259,-7.259,-7.259,-7.259
3350,2025-03-10,2025-03-11,-13.29,09:18,3100.0,スタンダード,小型,信用,1,-1.006,-0.361,-0.684,7.542
8894,2025-03-12,2025-03-13,-34.48,15:30,95.0,スタンダード,小型,貸借,0,,,,-0.2
6656,2025-03-17,2025-03-18,-11.13,09:21,567.0,スタンダード,小型,貸借,1,-0.553,-0.905,0.682,7.384
4310,2025-03-28,2025-03-31,-20.35,09:34,2740.0,プライム,小型,貸借,1,,-0.2,-0.2,-0.2
6967,2025-03-31,2025-04-01,-10.19,09:15,6611.0,,,,1,0.375,-0.624,-1.849,-0.291
2334,2025-04-04,2025-04-07,-15.31,15:30,830.0,グロース,小型,信用,0,,,,-0.2
246A,2025-04-04,2025-04-07,-10.24,09:15,526.0,グロース,小型,信用,1,-3.622,0.18,3.983,-4.192
4412,2025-04-04,2025-04-07,-15.09,09:27,619.0,グロース,小型,信用,1,2.546,9.978,13.693,6.424
5803,2025-04-04,2025-04-07,-16.3,09:31,3592.0,プライム,大型,貸借,1,,2.473,3.336,-0.183
6967,2025-04-04,2025-04-07,-17.35,09:32,6194.0,,,,1,,2.884,1.931,0.091
8518,2025-04-04,2025-04-07,-12.38,09:11,184.0,スタンダード,小型,信用,1,-2.374,-0.2,3.061,0.343
9425,2025-04-04,2025-04-07,-12.66,09:21,490.0,スタンダード,小型,信用,1,-6.118,-5.71,-0.2,-6.118
1572,2025-04-07,2025-04-08,-10.13,09:15,5110.0,その他,小型,貸借,1,7.432,3.518,1.659,-1.57
260A,2025-04-28,2025-04-30,-23.74,15:30,257.0,,,,0,,,,-0.2
260A,2025-04-30,2025-05-01,-56.03,10:09,113.0,,,,0,,,6.88,-0.2
6026,2025-05-14,2025-05-15,-9.35,09:12,7270.0,,,,1,1.313,0.9,0.625,0.488
5027,2025-05-15,2025-05-16,-19.58,15:30,616.0,グロース,小型,信用,0,,,,-0.2
264A,2025-05-16,2025-05-19,-23.15,15:30,996.0,グロース,小型,信用,0,,,,-0.2
5027,2025-05-16,2025-05-19,-9.9,09:18,555.0,グロース,小型,信用,1,-8.128,-10.47,-9.389,-6.506
264A,2025-05-19,2025-05-20,-9.64,09:18,900.0,グロース,小型,信用,1,-1.422,-2.533,-3.089,-3.2
2435,2025-05-22,2025-05-23,-13.53,09:12,230.0,スタンダード,小型,貸借,1,-1.939,-3.243,-3.678,-5.852
3639,2025-05-23,2025-05-26,-18.83,09:21,263.0,スタンダード,小型,貸借,1,-5.903,-4.383,-4.383,-4.763
4166,2025-05-27,2025-05-28,-10.06,09:15,760.0,グロース,小型,信用,1,-0.463,-0.595,-0.332,-2.305
2196,2025-05-29,2025-05-30,-16.51,09:18,273.0,,,,1,4.196,25.075,26.174,-2.398
9348,2025-06-06,2025-06-09,-20.16,15:30,594.0,グロース,小型,信用,0,,,,-0.2
9222,2025-06-16,2025-06-17,-50.0,09:38,50.0,TOKYO PRO MARKET,小型,その他,1,,-0.2,-0.2,-0.2
5721,2025-06-18,2025-06-19,-16.37,09:19,286.0,スタンダード,小型,信用,1,-4.046,2.597,1.199,29.171
4592,2025-06-26,2025-06-27,-10.5,09:13,2131.0,グロース,小型,信用,1,-2.218,2.334,4.54,1.208
9240,2025-06-26,2025-06-27,-8.78,09:15,623.0,グロース,小型,信用,1,-3.41,-6.621,-6.621,-6.621
5721,2025-07-01,2025-07-02,-14.89,09:12,200.0,スタンダード,小型,信用,1,-0.7,-11.7,-10.2,-22.7
3370,2025-07-02,2025-07-03,-8.51,09:14,430.0,スタンダード,小型,信用,1,-3.688,-9.502,-6.479,1.195
5721,2025-07-02,2025-07-03,-9.68,09:08,140.0,スタンダード,小型,信用,1,-1.629,7.657,7.657,30.514
7709,2025-07-02,2025-07-03,-9.47,09:06,220.0,スタンダード,小型,その他,1,-4.291,-4.291,-2.473,-8.382
8798,2025-07-03,2025-07-04,-9.12,09:09,289.0,プライム,小型,信用,1,2.914,4.298,4.298,3.606
4884,2025-07-17,2025-07-18,-14.75,15:30,578.0,グロース,小型,信用,0,,,,-0.2
7946,2025-07-31,2025-08-01,-8.03,09:10,2290.0,スタンダード,小型,その他,1,-0.113,-4.96,-4.13,-4.217
3803,2025-08-06,2025-08-07,-25.0,15:30,1500.0,グロース,小型,信用,0,,,,-0.2
3814,2025-08-06,2025-08-07,-30.67,09:31,113.0,,,,1,,-0.2,-0.2,-0.2
3814,2025-08-07,2025-08-08,-8.85,09:04,103.0,,,,1,-7.967,3.683,-1.171,-1.171
4935,2025-08-12,2025-08-13,-9.24,09:12,2151.0,スタンダード,小型,信用,1,-2.571,3.008,-1.781,-9.823
196A,2025-08-14,2025-08-15,-9.66,09:14,374.0,グロース,小型,信用,1,2.206,1.137,1.404,1.404
3077,2025-08-21,2025-08-22,-12.84,09:23,543.0,スタンダード,小型,貸借,1,-0.384,16.006,6.982,-1.489
7615,2025-08-25,2025-08-26,-24.91,09:26,217.0,スタンダード,小型,貸借,1,-3.887,8.095,-2.504,-0.661
8105,2025-08-25,2025-08-26,-20.27,15:30,590.0,スタンダード,小型,信用,0,,,,-0.2
2334,2025-08-26,2025-08-27,-11.0,09:16,7280.0,グロース,小型,信用,1,1.448,-2.535,-4.733,-8.442
6177,2025-08-26,2025-08-27,-18.96,15:30,342.0,グロース,小型,信用,0,,,,-0.2
8105,2025-08-26,2025-08-27,-16.95,15:30,490.0,スタンダード,小型,信用,0,,,,-0.2
3779,2025-08-27,2025-08-28,-19.45,09:21,265.0,スタンダード,小型,信用,1,-5.86,-6.238,-6.238,-6.238
3905,2025-09-11,2025-09-12,-21.11,15:30,1868.0,グロース,小型,貸借,0,,,,-0.2
7378,2025-09-16,2025-09-17,-8.35,09:09,1701.0,グロース,小型,貸借,1,-1.67,-2.258,-3.786,-5.373
9237,2025-09-16,2025-09-17,-16.78,09:23,1934.0,グロース,小型,信用,1,-2.423,-1.234,-0.562,3.368
4464,2025-09-26,2025-09-29,-13.91,09:19,2910.0,スタンダード,小型,貸借,1,-0.406,2.893,2.721,4.096
9082,2025-09-26,2025-09-29,-20.29,09:28,1901.0,スタンダード,小型,信用,1,6.639,3.956,15.003,9.953
219A,2025-09-30,2025-10-01,-19.61,15:30,2050.0,グロース,小型,貸借,0,,,,-0.2
2628,2025-09-30,2025-10-01,-12.37,09:18,3400.0,その他,小型,貸借,1,-4.318,-5.082,-4.935,-6.671
5535,2025-09-30,2025-10-01,-12.68,09:21,551.0,プライム,小型,信用,1,3.793,4.337,1.978,1.433
219A,2025-10-01,2025-10-02,-21.95,09:30,1600.0,グロース,小型,貸借,1,-0.325,-2.2,-2.075,-12.95
2629,2025-10-01,2025-10-02,-25.94,09:51,5780.0,その他,小型,貸借,1,,-3.228,17.118,-22.103
2673,2025-10-03,2025-10-06,-9.64,09:07,225.0,スタンダード,小型,信用,1,-3.311,0.689,2.911,6.467
9082,2025-10-06,2025-10-07,-13.51,09:18,1537.0,スタンダード,小型,信用,1,-0.59,-1.371,-2.412,-0.525
4370,2025-10-14,2025-10-15,-16.1,15:30,417.0,グロース,小型,信用,0,,,,-0.2
5987,2025-10-14,2025-10-15,-8.45,09:09,2166.0,スタンダード,小型,信用,1,-1.031,-4.17,-0.754,-2.785
373A,2025-10-16,2025-10-17,-19.42,09:27,2075.0,グロース,小型,信用,1,1.053,-0.2,-0.2,-0.2
281A,2025-10-23,2025-10-24,-27.72,09:51,743.0,グロース,小型,信用,1,,-1.68,-2.219,-2.219
7814,2025-11-04,2025-11-05,-10.22,09:18,641.0,スタンダード,小型,貸借,1,4.324,5.104,4.48,7.288
5202,2025-11-06,2025-11-07,-8.83,09:12,475.0,プライム,小型,貸借,1,-11.568,-9.253,-11.568,-8.411
6276,2025-11-06,2025-11-07,-13.18,09:23,448.0,スタンダード,小型,信用,1,3.148,28.818,22.791,19.889
3131,2025-11-11,2025-11-12,-8.97,09:13,2740.0,スタンダード,小型,信用,1,-1.514,0.274,-0.747,-1.769
281A,2025-11-14,2025-11-17,-17.15,09:30,483.0,グロース,小型,信用,1,-0.2,-0.2,2.492,0.835
5858,2025-11-14,2025-11-17,-11.3,09:14,1570.0,グロース,小型,信用,1,1.074,0.437,2.093,-1.346
8105,2025-11-14,2025-11-17,-16.03,09:31,524.0,スタンダード,小型,信用,1,,-0.009,-0.009,-0.2
2586,2025-11-17,2025-11-18,-11.68,09:09,121.0,グロース,小型,信用,1,2.279,-0.2,8.891,-1.026
298A,2025-11-17,2025-11-18,-11.59,09:18,534.0,グロース,小型,信用,1,-4.133,-4.882,-5.631,-5.818
8105,2025-11-17,2025-11-18,-11.07,09:18,466.0,スタンダード,小型,信用,1,-2.346,-6.209,-1.917,-9.213
8746,2025-11-20,2025-11-21,-23.74,09:27,257.0,スタンダード,小型,信用,1,0.578,1.356,0.967,-0.2
4424,2025-11-27,2025-11-28,-18.02,15:30,455.0,グロース,小型,貸借,0,,,,-0.2
4424,2025-11-28,2025-12-01,-14.07,09:21,391.0,グロース,小型,貸借,1,2.869,-1.735,-3.781,-7.361
8105,2025-12-01,2025-12-02,-20.38,09:21,250.0,スタンダード,小型,信用,1,21.0,17.4,33.4,41.8
2342,2025-12-02,2025-12-03,-19.66,15:30,327.0,スタンダード,小型,信用,0,,,,-0.2
4570,2025-12-02,2025-12-03,-22.44,15:30,2420.0,グロース,小型,信用,0,,,,-0.2
6993,2025-12-02,2025-12-03,-25.36,09:18,103.0,スタンダード,小型,貸借,1,9.509,-9.909,-0.2,-7.967
4570,2025-12-03,2025-12-04,-26.86,09:39,1770.0,グロース,小型,信用,1,,15.789,5.224,-12.516
6696,2025-12-04,2025-12-05,-9.9,09:09,273.0,グロース,小型,信用,1,4.928,33.866,31.302,24.342
5134,2025-12-12,2025-12-15,-14.86,14:25,573.0,グロース,小型,信用,0,,,,-0.2
3856,2025-12-18,2025-12-19,-18.08,15:30,453.0,スタンダード,小型,信用,0,,,,-0.2
3856,2025-12-19,2025-12-22,-22.96,09:38,349.0,スタンダード,小型,信用,1,,-4.498,-1.919,2.665
3261,2025-12-22,2025-12-23,-16.84,15:30,741.0,グロース,小型,信用,0,,,,-0.2
3261,2025-12-23,2025-12-24,-8.77,09:14,676.0,グロース,小型,信用,1,-0.2,-1.531,0.096,-1.088
8995,2025-12-25,2025-12-26,-11.22,09:15,1915.0,スタンダード,小型,信用,1,-3.438,-2.289,-13.673,-13.673
4598,2026-01-09,2026-01-13,-17.74,15:30,371.0,グロース,小型,信用,0,,,,-0.2
4598,2026-01-13,2026-01-14,-23.72,09:31,283.0,グロース,小型,信用,1,,-4.44,-1.613,-5.854
3562,2026-01-14,2026-01-15,-10.49,09:12,1791.0,スタンダード,小型,信用,1,4.378,6.444,6.668,7.449
9168,2026-01-14,2026-01-15,-14.39,09:27,595.0,グロース,小型,信用,1,-0.2,0.976,1.481,2.993
5724,2026-01-20,2026-01-21,-8.45,09:13,3790.0,スタンダード,小型,信用,1,3.626,4.285,5.341,4.549
6330,2026-01-20,2026-01-21,-12.43,09:20,4930.0,プライム,小型,貸借,1,0.104,6.088,4.871,5.074
7771,2026-01-20,2026-01-21,-23.23,09:24,238.0,スタンダード,小型,信用,1,-1.04,-3.561,-3.561,7.363
4960,2026-01-29,2026-01-30,-18.75,09:31,845.0,スタンダード,小型,貸借,1,,-3.159,-5.644,-7.892
1542,2026-02-05,2026-02-06,-16.79,09:27,34680.0,その他,小型,貸借,1,2.309,1.501,2.078,4.183
6330,2026-02-12,2026-02-13,-19.42,15:30,4150.0,プライム,小型,貸借,0,,,,-0.2
4596,2026-02-13,2026-02-16,-30.22,09:33,157.0,グロース,小型,信用,1,,11.902,2.348,11.902
5029,2026-02-13,2026-02-16,-19.82,09:36,607.0,グロース,小型,信用,1,,2.271,-0.2,-0.2
6330,2026-02-13,2026-02-16,-15.54,09:27,3505.0,プライム,小型,貸借,1,6.933,15.349,13.352,29.757
7771,2026-02-13,2026-02-16,-19.35,15:30,625.0,スタンダード,小型,信用,0,,,,-0.2
9337,2026-02-13,2026-02-16,-14.89,09:20,2000.0,グロース,小型,信用,1,-1.2,-2.45,-1.65,0.9
248A,2026-02-16,2026-02-17,-18.62,09:26,1180.0,グロース,小型,信用,1,0.647,3.953,2.851,0.393
3135,2026-02-16,2026-02-17,-14.18,09:18,950.0,スタンダード,小型,貸借,1,5.8,4.537,4.326,5.484
352A,2026-02-16,2026-02-17,-12.04,09:21,621.0,グロース,小型,信用,1,1.571,2.699,3.665,22.183
4476,2026-02-16,2026-02-17,-14.62,09:15,1010.0,グロース,小型,信用,1,1.978,0.988,3.364,4.949
7771,2026-02-16,2026-02-17,-16.0,15:30,525.0,スタンダード,小型,信用,0,,,,-0.2
6085,2026-02-17,2026-02-18,-9.88,09:09,1095.0,グロース,小型,その他,1,-3.944,-11.159,15.142,6.832
7771,2026-02-17,2026-02-18,-14.86,09:24,447.0,スタンダード,小型,信用,1,-0.647,-2.661,-4.674,-2.661
3103,2026-02-18,2026-02-19,-8.27,09:09,1552.0,スタンダード,小型,貸借,1,-0.136,-3.164,-11.991,-16.695
7794,2026-02-18,2026-02-19,-23.01,15:30,1673.0,グロース,小型,信用,0,,,,-0.2
7810,2026-02-18,2026-02-19,-10.68,09:09,251.0,スタンダード,小型,貸借,1,-7.371,-6.973,-9.363,-6.575
2962,2026-02-19,2026-02-20,-12.96,09:21,880.0,スタンダード,小型,信用,1,11.164,11.618,13.436,3.777
7794,2026-02-19,2026-02-20,-23.91,15:30,1273.0,グロース,小型,信用,0,,,,-0.2
9238,2026-02-24,2026-02-25,-15.21,15:30,836.0,グロース,小型,信用,0,,,,-0.2
9238,2026-02-25,2026-02-26,-10.41,09:15,749.0,グロース,小型,信用,1,-4.472,-2.737,-3.538,-3.404
3205,2026-03-02,2026-03-03,-21.87,09:36,836.0,スタンダード,小型,貸借,1,,-4.147,-1.875,-3.908
6085,2026-03-04,2026-03-05,-16.73,09:23,1991.0,グロース,小型,その他,1,-5.223,-5.223,-5.223,-5.223
6085,2026-03-05,2026-03-06,-19.04,09:24,1531.0,グロース,小型,その他,1,8.095,5.548,9.075,11.296
7777,2026-03-13,2026-03-16,-13.4,09:21,491.0,グロース,小型,信用,1,4.077,5.91,1.633,5.91
6085,2026-03-17,2026-03-18,-17.5,15:30,3300.0,グロース,小型,その他,0,,,,-0.2
6085,2026-03-18,2026-03-19,-21.21,15:30,2600.0,グロース,小型,その他,0,,,,-0.2
6085,2026-03-19,2026-03-23,-19.23,09:27,2100.0,グロース,小型,その他,1,2.657,23.181,11.943,31.467
533A,2026-03-24,2026-03-25,-13.81,09:18,1923.0,その他,小型,信用,1,2.764,2.244,2.244,2.296
6580,2026-03-25,2026-03-26,-25.45,10:27,879.0,グロース,小型,貸借,0,,,-0.2,-0.2
4316,2026-03-27,2026-03-30,-19.79,09:36,604.0,グロース,小型,その他,1,,0.462,-0.366,-0.366
4381,2026-03-30,2026-03-31,-9.9,09:15,455.0,グロース,小型,信用,1,-2.837,-3.936,-2.618,-5.695
9348,2026-03-30,2026-03-31,-8.58,09:14,426.0,グロース,小型,信用,1,-2.078,1.443,1.913,1.913
3681,2026-04-01,2026-04-02,-28.57,09:09,50.0,プライム,小型,その他,1,-2.2,-4.2,-8.2,-0.2
4316,2026-04-01,2026-04-02,-17.13,15:30,387.0,グロース,小型,その他,0,,,,-0.2
4316,2026-04-02,2026-04-03,-55.81,10:24,171.0,グロース,小型,その他,0,,,5.063,12.081
3856,2026-04-07,2026-04-08,-12.74,09:21,500.0,スタンダード,小型,信用,1,3.0,0.8,-0.2,10.8
2901,2026-04-15,2026-04-16,-23.62,09:21,207.0,スタンダード,小型,信用,1,-7.929,-2.615,5.597,2.699
3557,2026-04-15,2026-04-16,-18.43,15:30,664.0,グロース,小型,信用,0,,,,-0.2
469A,2026-04-15,2026-04-16,-14.29,09:18,1740.0,グロース,小型,信用,1,-0.315,-0.372,-1.349,-3.016
3103,2026-04-21,2026-04-22,-10.51,09:16,2725.0,スタンダード,小型,貸借,1,19.25,2.075,8.461,3.837
7426,2026-04-23,2026-04-24,-15.16,09:25,470.0,スタンダード,小型,その他,1,0.864,5.332,4.055,4.481
6173,2026-05-01,2026-05-07,-37.97,15:30,49.0,,,,0,,,,-0.2
6173,2026-05-07,2026-05-08,-28.57,09:06,35.0,,,,1,14.086,16.943,19.8,8.371
2326,2026-05-08,2026-05-11,-12.75,09:24,4310.0,プライム,小型,貸借,1,-1.592,-1.708,-1.708,-1.824
9444,2026-05-11,2026-05-12,-32.39,15:30,167.0,スタンダード,小型,信用,0,,,,-0.2
278A,2026-05-12,2026-05-13,-19.35,09:23,10000.0,グロース,小型,信用,1,-1.1,6.4,16.4,14.5
485A,2026-05-12,2026-05-13,-11.47,09:12,11580.0,グロース,小型,信用,1,-2.1,7.054,11.631,13.79
6440,2026-05-12,2026-05-13,-8.36,09:12,658.0,プライム,小型,貸借,1,-1.872,-4.455,-5.063,-5.671
6658,2026-05-12,2026-05-13,-10.81,09:15,495.0,スタンダード,小型,信用,1,4.244,1.82,2.022,2.83
9904,2026-05-13,2026-05-14,-17.83,09:18,258.0,スタンダード,小型,信用,1,1.738,2.126,2.126,0.963
247A,2026-05-14,2026-05-15,-20.71,09:33,850.0,グロース,小型,信用,1,,7.8,12.388,5.682
2980,2026-05-14,2026-05-15,-10.23,09:14,2895.0,プライム,小型,貸借,1,-3.136,-6.21,-5.796,-6.728
3103,2026-05-14,2026-05-15,-22.04,15:30,1415.0,スタンダード,小型,貸借,0,,,,-0.2
177A,2026-05-15,2026-05-18,-9.39,09:09,1158.0,グロース,小型,信用,1,-5.209,-6.59,-11.772,2.563
291A,2026-05-15,2026-05-18,-21.83,09:44,1790.0,グロース,小型,信用,1,,2.314,0.75,-0.2
6166,2026-05-15,2026-05-18,-17.51,15:30,471.0,グロース,小型,信用,0,,,,-0.2
4392,2026-05-27,2026-05-28,-8.1,09:09,2064.0,プライム,小型,貸借,1,5.808,11.379,5.178,-1.411
5031,2026-05-27,2026-05-28,-17.95,09:30,640.0,グロース,小型,信用,1,0.269,-1.762,-1.762,-1.762
